,1,2,3,4,5,6,7,8,9,10,11,12,13,14,15,16,17,18,19,20,21
1,0.002992488443851471,0.001296117901802063,-0.009721189737319946,-0.003680989146232605,-0.005024135112762451,0.003841608762741089,0.003557763993740082,-0.00031901895999908447,0.0037814080715179443,0.005734860897064209,-0.004144430160522461,0.002645134925842285,-0.008952446281909943,0.0027625709772109985,-0.0023897066712379456,-0.00034239888191223145,0.002314046025276184,-0.0006503388285636902,0.007932692766189575,0.0009077787399291992,0.0055141448974609375
2,0.002591930329799652,-0.0004260838031768799,0.005727306008338928,0.006146594882011414,-0.003542006015777588,0.0031659305095672607,0.0008799508213996887,0.002016514539718628,0.0032862797379493713,0.005149766802787781,0.000978901982307434,-0.001848176121711731,-0.0005441009998321533,0.0016306936740875244,0.0002670958638191223,-0.0026906728744506836,0.001585349440574646,-0.00016647577285766602,0.01265425980091095,0.002583608031272888,0.005098722875118256
3,0.0018533095717430115,-0.0004085451364517212,-0.01433098316192627,-0.00029321014881134033,-0.00184650719165802,0.0029794350266456604,0.0017501115798950195,0.0039870887994766235,0.0050635263323783875,0.0014654099941253662,0.00043879449367523193,0.0004895925521850586,0.0004173591732978821,0.0015687644481658936,0.005618557333946228,-0.011637121438980103,0.004296049475669861,-0.00010536611080169678,0.0006458908319473267,0.006324879825115204,0.007612794637680054
4,0.0027998536825180054,0.004358306527137756,0.007921338081359863,-0.012362107634544373,0.0003926306962966919,0.0005294680595397949,0.002055928111076355,0.002391636371612549,0.0030928030610084534,0.0035787969827651978,0.001997917890548706,0.0023059695959091187,0.0010625123977661133,-0.0003378242254257202,-0.0031535103917121887,-0.00474916398525238,0.0033880621194839478,-0.0014690235257148743,0.0019311308860778809,0.0032459422945976257,0.009731568396091461
5,0.003734014928340912,0.0029917508363723755,0.010158807039260864,0.004770338535308838,-0.01074393093585968,0.0037517622113227844,0.001972213387489319,0.0009307712316513062,0.00672534853219986,0.0006583184003829956,0.0019329190254211426,7.146596908569336e-05,-0.008187942206859589,0.0034523606300354004,-0.0027151256799697876,-6.844103336334229e-05,-0.00045390427112579346,-4.108250141143799e-05,0.0007256418466567993,0.001701362431049347,0.007960639894008636
6,0.0033293962478637695,-0.001915261149406433,0.004363521933555603,0.002390041947364807,-0.001345798373222351,0.0006441026926040649,0.0024619847536087036,0.0009538531303405762,6.122887134552002e-05,-7.045269012451172e-05,0.0017734766006469727,-0.000170782208442688,0.005596630275249481,-0.0027828365564346313,-0.0057006776332855225,-0.005582466721534729,0.00023700296878814697,-0.0010379999876022339,0.002466142177581787,0.004640959203243256,0.008008256554603577
7,0.001254156231880188,-0.004674449563026428,0.010325372219085693,0.007423564791679382,-0.0024655908346176147,0.004275523126125336,0.0031673237681388855,0.0007349252700805664,0.0033432990312576294,0.005423635244369507,-0.006604045629501343,-0.00010354816913604736,-0.0015760958194732666,0.0026437491178512573,0.005453586578369141,-0.0038712918758392334,-0.0016582757234573364,-0.0008721649646759033,0.0006266534328460693,0.0001841038465499878,0.005989395081996918
8,0.0024667680263519287,0.002781093120574951,0.014114513993263245,-0.004153624176979065,0.0037563666701316833,0.003603704273700714,0.0004970431327819824,0.007304877042770386,0.0031627118587493896,0.003090307116508484,0.0014072656631469727,-0.0003477334976196289,0.005844332277774811,0.00015985965728759766,0.0033456534147262573,-0.005217626690864563,-0.0014954060316085815,-0.0001929551362991333,0.004886820912361145,0.00272582471370697,0.007824376225471497
9,0.0020036622881889343,0.0038696974515914917,-0.005530193448066711,-0.0042792558670043945,-0.0045148879289627075,0.0045717135071754456,-0.000787489116191864,0.002907365560531616,0.0049739256501197815,-0.005388632416725159,0.0031584203243255615,0.0003266632556915283,0.0008258149027824402,0.0022531747817993164,-0.0056745633482933044,-0.00164031982421875,-0.001066550612449646,-0.00020728260278701782,-0.0001459866762161255,0.0022803544998168945,0.007434070110321045
10,0.0020856931805610657,0.004013776779174805,0.019841447472572327,-0.01290963590145111,-0.0034006014466285706,0.002424284815788269,0.000635489821434021,0.0020092129707336426,0.002049386501312256,0.000849798321723938,0.005976647138595581,0.001479819416999817,0.005644902586936951,-0.0015500783920288086,-0.0038280338048934937,0.001083463430404663,-0.0004388391971588135,-0.00048808753490448,0.003222227096557617,0.00018903613090515137,0.008704781532287598
11,0.0039074718952178955,0.0030035078525543213,-0.009350553154945374,-0.000897333025932312,-0.0063501521944999695,0.002123400568962097,0.00037673115730285645,0.004134342074394226,0.005309164524078369,-0.0015009790658950806,-0.000429496169090271,0.0021372437477111816,-0.0013942718505859375,-0.002362862229347229,-0.003934010863304138,0.0013524144887924194,0.0009010285139083862,-0.0013737753033638,0.001958981156349182,0.0038979053497314453,0.005539640784263611
12,-0.00019634515047073364,0.004019901156425476,-0.007129773497581482,-0.006447926163673401,-0.005927681922912598,0.002997063100337982,-0.0011688247323036194,0.0005980432033538818,0.0027537718415260315,0.0005270987749099731,0.0020426511764526367,0.002155289053916931,0.0010183900594711304,0.0013710260391235352,0.0008419230580329895,-0.002922534942626953,0.0034359246492385864,-0.0009154528379440308,0.004077106714248657,0.0014499127864837646,0.006353430449962616
13,0.0031700506806373596,-0.0012568384408950806,0.002554953098297119,-0.01280529797077179,-0.0024386197328567505,0.003260180354118347,0.0015418604016304016,-0.0009974539279937744,0.005525864660739899,-0.0019206702709197998,-0.004787474870681763,0.0005318820476531982,-0.0016415193676948547,-0.0012903958559036255,-0.005370877683162689,-0.005322650074958801,0.003053411841392517,2.7835369110107422e-05,0.003527894616127014,0.005100458860397339,0.008208364248275757
14,0.0007116943597793579,0.002182111144065857,-0.0016798973083496094,-0.009612753987312317,-0.012483231723308563,0.004173494875431061,-0.0011760145425796509,-0.0005127936601638794,0.007239446043968201,-0.0006634443998336792,0.005044430494308472,-0.0008856654167175293,-0.0013322606682777405,8.584558963775635e-05,-0.0035513266921043396,-0.001894831657409668,0.0018707215785980225,-0.0015889480710029602,-0.0021567344665527344,0.0027616694569587708,0.009546510875225067
15,0.0035980120301246643,-0.0022481530904769897,0.01061759889125824,0.0007438808679580688,-0.00020810961723327637,0.005084194242954254,0.00032667815685272217,0.0014963150024414062,0.007738880813121796,0.005088403820991516,0.006439000368118286,-0.0017294585704803467,-0.0006167888641357422,-0.0024206042289733887,-0.0006837919354438782,-0.006619587540626526,-1.8715858459472656e-05,-0.0018492341041564941,-0.00014443695545196533,-0.003781042993068695,0.008536659181118011
16,0.000745527446269989,-0.00477619469165802,0.004532814025878906,0.006356135010719299,-0.0010821819305419922,0.0031783580780029297,0.001237824559211731,0.003575742244720459,0.0032785311341285706,-0.002414405345916748,0.0004107058048248291,0.0012855827808380127,-0.0011013895273208618,0.0012419819831848145,0.001663021743297577,-0.005796745419502258,0.003596276044845581,-0.0001754164695739746,-0.002660036087036133,-0.0003607049584388733,0.009157560765743256
17,0.0010134950280189514,0.0018528848886489868,0.005663648247718811,-0.011411458253860474,-0.0002147778868675232,0.0029323846101760864,0.0016995668411254883,0.0014086663722991943,0.004268653690814972,-0.001772180199623108,-0.0017146319150924683,0.0006918609142303467,0.0016193687915802002,0.00036385655403137207,-0.00385168194770813,-0.007865145802497864,0.003266081213951111,-0.0015909522771835327,0.0036547482013702393,-0.0005454570055007935,0.008887335658073425
18,0.0009284541010856628,0.001851394772529602,0.0014837086200714111,0.001028403639793396,-0.0033090636134147644,0.0033761635422706604,0.0013546943664550781,-0.0003410130739212036,0.0030949264764785767,-0.0025593042373657227,0.00595565140247345,-0.0005096942186355591,0.004867985844612122,-0.004812508821487427,0.0020000115036964417,0.003154665231704712,0.001508861780166626,0.0002285093069076538,-0.0016374289989471436,-0.004259340465068817,0.004849329590797424
19,0.0033974647521972656,0.0006760060787200928,-0.015597045421600342,-0.0023677945137023926,-0.005507141351699829,0.0041897594928741455,-0.00039768218994140625,0.0021188706159591675,0.004165962338447571,0.0038482844829559326,0.002874717116355896,2.44826078414917e-05,0.006944805383682251,-0.002011328935623169,-0.0005586519837379456,0.0005299896001815796,0.0038595050573349,-0.001644715666770935,0.0023303329944610596,-0.004004716873168945,0.008784174919128418
20,0.0015855208039283752,-0.0027292072772979736,0.01977059245109558,-0.0063108354806900024,-0.0018063336610794067,0.004271164536476135,0.0016484856605529785,-3.221631050109863e-05,0.005276679992675781,0.0053574442863464355,0.0005121976137161255,0.00245840847492218,0.0006233900785446167,-0.00305156409740448,-0.00028343498706817627,0.002340361475944519,0.0005786269903182983,0.0010743886232376099,0.003811359405517578,-0.0059263259172439575,0.005084797739982605
21,0.0015615969896316528,0.002825424075126648,0.0026219934225082397,0.0010842829942703247,-0.004513256251811981,0.0019270405173301697,-0.000291481614112854,0.004237830638885498,0.008354544639587402,-0.0011170953512191772,0.003966882824897766,0.0002559870481491089,0.0009002164006233215,0.0020539313554763794,0.0020420774817466736,-0.004477992653846741,0.002009868621826172,-0.0003926008939743042,0.0033448785543441772,0.008242450654506683,0.008132219314575195
22,7.828325033187866e-05,0.0020940452814102173,0.004033938050270081,-0.0001881718635559082,0.0022881999611854553,0.0021116361021995544,0.0009147822856903076,0.004579335451126099,0.0020204931497573853,0.0029844343662261963,0.0004002898931503296,0.0008718520402908325,-0.0029875636100769043,0.0006815791130065918,-0.0069168731570243835,-0.002969518303871155,0.0049131810665130615,-0.001550242304801941,0.004441425204277039,-0.000727429986000061,0.007430672645568848
23,0.0023115649819374084,-0.006246969103813171,0.007331952452659607,0.0038414597511291504,-0.001899324357509613,0.005037367343902588,-0.003406926989555359,-0.0018158257007598877,0.002728983759880066,0.000993281602859497,0.0033334344625473022,0.000484466552734375,0.0033080652356147766,-0.0007668882608413696,-0.00021515041589736938,-0.004485949873924255,0.0011746734380722046,-0.000388413667678833,0.0005178451538085938,-0.001026652753353119,0.009657703340053558
24,0.0021686553955078125,0.003392651677131653,-0.00966760516166687,-0.0023399293422698975,0.001962698996067047,0.001582615077495575,-0.0006098747253417969,0.004641219973564148,0.00525452196598053,0.002406373620033264,0.0019497424364089966,0.0010755658149719238,0.003248758614063263,0.0008425712585449219,-0.002667956054210663,-0.0029362738132476807,0.003954082727432251,-0.0006392151117324829,0.0013505816459655762,0.00035644322633743286,0.008515492081642151
25,0.0026598647236824036,-0.0013416707515716553,-0.002253800630569458,-0.002085864543914795,0.004125460982322693,0.00478653609752655,0.0034518539905548096,0.004389777779579163,0.006307840347290039,0.003827616572380066,0.0023438334465026855,-0.0016545504331588745,-0.0012816935777664185,-0.0028160661458969116,0.0024493038654327393,-0.004433870315551758,0.0012492537498474121,0.0005370229482650757,-0.0004361271858215332,0.0007827728986740112,0.007128901779651642
26,0.001338183879852295,-0.001701265573501587,0.0011500269174575806,-0.008229553699493408,0.00328952819108963,0.006207041442394257,0.0012105852365493774,0.002693846821784973,0.0027334168553352356,0.0065450966358184814,0.00015848875045776367,2.1830201148986816e-05,0.007305562496185303,0.0011912286281585693,-0.001018136739730835,-0.0005921125411987305,-0.00023217499256134033,0.00033389031887054443,0.0017299950122833252,-0.0004616156220436096,0.005517743527889252
27,0.0010826587677001953,0.0010614991188049316,-0.0030183792114257812,0.0066712647676467896,0.006625525653362274,0.004397526383399963,-0.0014457255601882935,0.0018588453531265259,0.009070523083209991,0.0009244531393051147,-0.001208677887916565,0.0005595684051513672,0.006557837128639221,-0.0008250623941421509,-0.00019056349992752075,-0.005148947238922119,0.003196626901626587,-0.0010364502668380737,-2.1457672119140625e-05,-0.00036619603633880615,0.009195737540721893
28,-0.0004321485757827759,0.0034290850162506104,0.002785816788673401,0.006005123257637024,0.0051541924476623535,0.0056465864181518555,0.0005519464612007141,-9.609758853912354e-05,0.007652118802070618,0.0009906738996505737,0.0028515905141830444,0.0004986971616744995,0.010824032127857208,0.0004892200231552124,0.0047563835978507996,-0.000849112868309021,0.009144172072410583,-0.001062639057636261,0.0007909387350082397,0.006171397864818573,0.003909595310688019
29,-0.0001453980803489685,-0.0002759695053100586,0.006839931011199951,0.007283389568328857,0.003107413649559021,0.0067918673157691956,-0.003009296953678131,0.0006924420595169067,0.0036509931087493896,0.003471478819847107,-0.0015101432800292969,-0.0010414421558380127,-0.008310936391353607,-0.00031960010528564453,-0.0014791488647460938,0.0023063719272613525,0.003440454602241516,-0.00031088292598724365,0.004326671361923218,0.001820400357246399,0.010125093162059784
30,0.003308132290840149,-0.0008559077978134155,0.01212725043296814,-0.008207947015762329,-0.002006545662879944,0.0037569329142570496,0.0007483065128326416,0.0019851624965667725,-0.00041866302490234375,0.008384570479393005,0.0013853013515472412,0.0002902299165725708,-0.002873435616493225,0.0007735937833786011,-0.0019745826721191406,-0.0011879056692123413,0.001725032925605774,-0.0007230788469314575,-0.00048847496509552,0.002827480435371399,0.009753845632076263
31,0.003978662192821503,-0.0025559216737747192,0.005129516124725342,0.0018051117658615112,0.000777222216129303,0.004540979862213135,0.001805923879146576,0.0031222105026245117,0.007786974310874939,0.0018937736749649048,-0.0007697939872741699,0.0015487521886825562,0.00019073486328125,-0.0011763274669647217,0.006809704005718231,-0.006551921367645264,-0.0009748935699462891,-0.002509601414203644,0.0010319948196411133,0.0035519450902938843,0.0076497867703437805
32,0.004211999475955963,-0.0002135634422302246,0.008403226733207703,-0.0018970966339111328,-0.004844509065151215,0.0031456947326660156,0.0009290575981140137,-0.0004073679447174072,0.005441546440124512,0.0032204538583755493,-0.0012432187795639038,0.0004682391881942749,0.0055506229400634766,-0.00013139843940734863,0.0017940402030944824,9.493529796600342e-05,0.001783803105354309,-0.001959964632987976,0.0005563795566558838,-0.0017227381467819214,0.007144637405872345
33,0.004562214016914368,0.0019552111625671387,-0.003589630126953125,0.00041015446186065674,-0.004375763237476349,0.003696836531162262,0.00045758485794067383,0.0029337704181671143,0.0034071356058120728,-0.0010734498500823975,0.0003228038549423218,0.0002958625555038452,-0.0015556439757347107,0.0024888813495635986,0.00365651398897171,-0.0021619051694869995,0.001140683889389038,-0.0009399056434631348,0.004464328289031982,-0.0025252923369407654,0.00918019562959671
34,0.0019656047224998474,0.00010694563388824463,0.003855586051940918,0.012075841426849365,0.0018299147486686707,0.003197692334651947,0.00039330124855041504,0.00012914836406707764,0.009142264723777771,-0.00011274218559265137,0.0004027336835861206,-5.717575550079346e-05,-0.004582822322845459,-0.00021691620349884033,-0.004003636538982391,-0.005269080400466919,0.0016649961471557617,-0.0004950165748596191,-1.9997358322143555e-05,-0.0005819424986839294,0.008541949093341827
35,0.004421353340148926,-0.0003930628299713135,0.0026642680168151855,0.0022527724504470825,0.0037371963262557983,0.0027188360691070557,-0.000712171196937561,0.002694934606552124,0.008342400193214417,0.001280173659324646,0.010066881775856018,0.00012671947479248047,-0.0005540028214454651,-0.0010147243738174438,0.00011967122554779053,-0.0012157261371612549,0.0008249580860137939,-0.0015395283699035645,-0.0008807778358459473,0.006162799894809723,0.00918077677488327
36,0.003397516906261444,-0.0065996646881103516,-0.0057228803634643555,0.003237798810005188,-0.000987127423286438,0.005740799009799957,-0.0005518943071365356,0.0026119500398635864,0.006601274013519287,0.006565719842910767,-0.0005387365818023682,-0.001614496111869812,-0.005190074443817139,-0.002630949020385742,-0.0041809529066085815,-0.0010217279195785522,-0.0015219449996948242,-0.0006763339042663574,0.0028098970651626587,0.00305253267288208,0.008995823562145233
37,0.004015110433101654,0.0005569308996200562,-0.020181655883789062,-0.0018284022808074951,0.005647547543048859,0.0030154064297676086,0.003157392144203186,0.0014142543077468872,0.003500424325466156,0.0009594112634658813,0.0071717798709869385,1.0728836059570312e-05,-0.0029923170804977417,-0.0007635653018951416,-0.0016978457570075989,-0.000543057918548584,0.003092363476753235,-0.0017513558268547058,0.0010213851928710938,0.002330504357814789,0.010502882301807404
38,0.0026241764426231384,0.0041844844818115234,-0.0040838271379470825,0.007747858762741089,-0.0012864619493484497,0.0034998729825019836,0.00037679076194763184,0.0021704137325286865,0.00654427707195282,0.0021316856145858765,0.006817519664764404,-0.0015172064304351807,-0.00245039165019989,0.0003249645233154297,-0.002106808125972748,0.0030802488327026367,0.004651203751564026,-0.0003411620855331421,-0.00406278669834137,0.0060021281242370605,0.009357303380966187
39,0.0013019219040870667,0.003926098346710205,0.002560749650001526,0.005787312984466553,-0.0010308325290679932,0.0031225457787513733,0.0002812594175338745,0.0019980520009994507,0.00141124427318573,0.005424514412879944,-0.00115203857421875,0.00023202598094940186,-0.0028874576091766357,-0.0009316354990005493,-0.003496520221233368,-0.005025550723075867,0.00582180917263031,0.0007159411907196045,0.005081072449684143,0.003678135573863983,0.007412515580654144
40,0.0019687265157699585,0.005179613828659058,-0.0034211426973342896,0.002132415771484375,-0.0012391060590744019,0.00443219393491745,0.0020635128021240234,0.002585679292678833,0.004493355751037598,0.0071494802832603455,-7.115304470062256e-05,0.0017569512128829956,0.0010127276182174683,-0.0018142908811569214,-0.003995180130004883,-0.002172216773033142,-1.3247132301330566e-05,0.00013136863708496094,0.002417445182800293,0.002382710576057434,0.008580997586250305
41,0.001329578459262848,-0.0027160197496414185,-0.002961263060569763,0.003019288182258606,0.0002101510763168335,0.0018545016646385193,0.00044533610343933105,0.001628383994102478,0.006636522710323334,-0.00041034817695617676,0.0021012425422668457,-0.000636667013168335,-0.0026218220591545105,1.9803643226623535e-05,0.0009281784296035767,-3.3527612686157227e-06,0.000310555100440979,-0.0010977387428283691,-0.0023447126150131226,-0.0030670538544654846,0.007625207304954529
42,0.00488618016242981,-0.0007258206605911255,-0.0031595081090927124,0.0012208819389343262,-0.002971753478050232,0.003664553165435791,-0.0013675689697265625,0.0032290667295455933,0.0047959089279174805,0.0045816004276275635,-0.002993747591972351,0.0001223236322402954,0.004871390759944916,0.0027632564306259155,-0.003154963254928589,-0.004074275493621826,0.006186813116073608,-0.0009380578994750977,0.0008209198713302612,-0.007354065775871277,0.00937989354133606
43,0.006645031273365021,0.0037031620740890503,-0.0024893581867218018,-0.008279949426651001,0.002429075539112091,0.0033569633960723877,0.002805188298225403,0.002811521291732788,0.00038632750511169434,0.0023254752159118652,0.002731695771217346,0.00012971460819244385,-0.006726369261741638,-0.0002336353063583374,-0.0041792020201683044,-0.0003926306962966919,-0.0009338855743408203,-0.0008762404322624207,-0.0009742677211761475,0.0004794895648956299,0.012675486505031586
44,0.004558064043521881,-0.00023958086967468262,0.0013416111469268799,0.004323601722717285,-0.00041897594928741455,0.007129281759262085,0.0027066394686698914,0.001965641975402832,0.007194451987743378,0.0011318027973175049,0.004944995045661926,0.0017526298761367798,-0.0031561627984046936,0.003465220332145691,-0.0012106075882911682,-0.005622163414955139,0.00402165949344635,-0.0007765442132949829,0.0020874589681625366,-0.002833850681781769,0.008008010685443878
45,0.003972798585891724,-0.0002932250499725342,-0.0016308575868606567,-0.0013821274042129517,-0.0034122392535209656,0.006559282541275024,0.003025531768798828,0.0021712034940719604,0.003929987549781799,-0.0006416440010070801,0.0021915435791015625,0.0009174644947052002,-0.0032740309834480286,0.0011060535907745361,-0.0007309615612030029,-0.002625778317451477,0.004184842109680176,-0.0019722282886505127,-0.0012920945882797241,0.0036505982279777527,0.008004710078239441
46,0.002041071653366089,0.004008591175079346,0.009903296828269958,0.0003191232681274414,-0.0008349716663360596,0.004184052348136902,0.0025484859943389893,0.003223121166229248,0.005599595606327057,0.005361989140510559,0.002354338765144348,-0.0003375709056854248,-0.012765549123287201,0.002465084195137024,0.0008377730846405029,0.0012797266244888306,0.0030267536640167236,-0.0002153143286705017,0.005306735634803772,0.0009407401084899902,0.012298613786697388
47,0.006728611886501312,-0.001924067735671997,-0.009117260575294495,-0.006657510995864868,-0.0033541694283485413,0.0045548900961875916,-8.744001388549805e-05,0.002302601933479309,0.006227761507034302,0.007046490907669067,0.0008789151906967163,0.0013505667448043823,-0.0010807812213897705,-0.0005191713571548462,0.0013932213187217712,-0.005183354020118713,-8.301436901092529e-05,-0.0016474947333335876,-0.002432882785797119,0.0015878081321716309,0.012074433267116547
48,0.0010861754417419434,0.001796126365661621,0.0024565160274505615,-0.00030484795570373535,-0.0008475854992866516,0.00538644939661026,0.0014286786317825317,0.002601996064186096,0.0028103291988372803,0.0018119961023330688,0.0047886669635772705,-0.0007007122039794922,-0.004563234746456146,0.002770140767097473,-0.0016987994313240051,-0.00530773401260376,0.006199628114700317,-0.0015567764639854431,-0.0012773871421813965,0.002566978335380554,0.011028245091438293
49,-0.0006399229168891907,0.0007139295339584351,-0.00512145459651947,-0.005857214331626892,0.0012521520256996155,0.005259469151496887,0.003085799515247345,0.0030944496393203735,0.006074823439121246,-0.0010001957416534424,-0.005313187837600708,0.00016896426677703857,-0.007211238145828247,-0.00033579766750335693,-0.0056599825620651245,-0.003363698720932007,0.0013974010944366455,-0.0012070313096046448,0.0020567625761032104,-0.0027431324124336243,0.00931326299905777
50,0.0025743618607521057,0.0014224648475646973,-0.006234601140022278,0.0009078681468963623,0.0027441680431365967,0.00253324955701828,0.001890040934085846,0.0034355521202087402,0.004191398620605469,-0.0021322965621948242,0.004609748721122742,-0.0006058216094970703,-0.0042043328285217285,0.0022911131381988525,0.004108428955078125,0.0021193474531173706,0.004079341888427734,-0.0015781447291374207,0.004460573196411133,-0.003605581820011139,0.009404808282852173
51,0.0018759816884994507,-0.0001246929168701172,0.002720937132835388,0.005965888500213623,-0.0019902586936950684,0.0025205984711647034,0.0017228126525878906,0.0028390586376190186,0.005396448075771332,0.0012957751750946045,0.0007795542478561401,-0.00022746622562408447,-0.006181493401527405,-0.0012892037630081177,0.0014414787292480469,-0.005914270877838135,0.005278795957565308,-0.0018080025911331177,-0.0010374486446380615,-0.0017360150814056396,0.008767351508140564
52,0.0038406401872634888,0.0012877434492111206,-0.00808212161064148,-0.006746634840965271,-8.875876665115356e-05,0.005007125437259674,0.0017327293753623962,0.0011877864599227905,0.007203534245491028,0.0015495270490646362,0.002333730459213257,0.0009927451610565186,-0.008065439760684967,0.0025551021099090576,-0.00606837123632431,0.0016580075025558472,0.002762734889984131,-0.00014909356832504272,-0.00196056067943573,0.003038763999938965,0.012553535401821136
53,0.001374758780002594,-0.0007091760635375977,-0.01757846772670746,-0.011887267231941223,-0.005332671105861664,0.004685208201408386,0.00154847651720047,0.0012364238500595093,0.006608486175537109,0.0051870644092559814,0.0005913525819778442,0.0009394288063049316,-0.001933462917804718,0.0017553269863128662,-0.0021307244896888733,-0.007832497358322144,0.0006398558616638184,0.00038823485374450684,0.0011891275644302368,-0.004332408308982849,0.008905962109565735
54,0.00393000990152359,-0.003062725067138672,-0.00532887876033783,-0.014290690422058105,-0.0024946555495262146,0.00374603271484375,0.0010872557759284973,0.002760082483291626,0.0020484253764152527,0.005290552973747253,0.003964975476264954,-0.00011566281318664551,0.0010459423065185547,-0.0010558515787124634,-0.006449833512306213,-0.0005507767200469971,0.002977222204208374,-0.00038448721170425415,-0.002892598509788513,-0.005110092461109161,0.008529417216777802
55,0.004081912338733673,0.002638876438140869,0.007805988192558289,-0.008750274777412415,-0.0048982128500938416,0.0033333823084831238,0.00070151686668396,0.0019694119691848755,0.0074922069907188416,0.0018329322338104248,0.0063202232122421265,0.0010325610637664795,-0.0062628090381622314,-0.0037221014499664307,-0.0022059231996536255,-0.0031422078609466553,0.005887657403945923,-0.000987023115158081,-0.0010732859373092651,0.005805559456348419,0.012553475797176361
56,0.003942869603633881,-1.8328428268432617e-06,-0.004348054528236389,0.0013607144355773926,-0.006632566452026367,0.0009313002228736877,0.0012231767177581787,0.0039043128490448,0.0036094635725021362,0.004004716873168945,0.006879091262817383,0.0006332695484161377,-0.006587192416191101,0.002229541540145874,-0.004263170063495636,0.0018399804830551147,0.0029031038284301758,-0.0010597780346870422,0.003546401858329773,-0.0014906525611877441,0.012492671608924866
57,0.0015232861042022705,0.0016007870435714722,-0.0006180554628372192,0.003817930817604065,0.0036486610770225525,0.003154963254928589,0.0007825344800949097,0.0006986409425735474,-6.955862045288086e-05,0.004040822386741638,-0.006065845489501953,-2.893805503845215e-05,-0.004728041589260101,0.001437857747077942,0.0008905157446861267,-0.001555904746055603,-0.0008508861064910889,-0.0033284425735473633,0.0019688308238983154,0.00019156187772750854,0.011951595544815063
58,0.002535514533519745,0.0009948909282684326,-0.0019178390502929688,0.00926925241947174,-0.002190999686717987,0.004950731992721558,-0.0016599372029304504,0.003206789493560791,0.005399733781814575,0.0002273768186569214,-0.002706080675125122,-0.0009694993495941162,-0.0029071643948554993,-0.0007362812757492065,-0.003107324242591858,-0.0033186674118041992,0.001887977123260498,-0.0008426234126091003,0.000246196985244751,-0.005542054772377014,0.008194424211978912
59,0.00025181472301483154,0.0003164708614349365,0.0019575506448745728,-0.0013306587934494019,0.0007965713739395142,0.005004726350307465,-0.00031706690788269043,0.0010435134172439575,0.007699355483055115,0.002355813980102539,-0.002474948763847351,1.2248754501342773e-05,-0.004387505352497101,0.0042100995779037476,-0.00048761069774627686,-0.009518831968307495,0.003669247031211853,-0.00034312903881073,-0.0018758773803710938,0.005864791572093964,0.013635113835334778
60,0.0023365318775177,-0.001003071665763855,-0.004998877644538879,0.003569573163986206,-0.0026798322796821594,0.0026322603225708008,-0.0006511285901069641,0.0015070289373397827,0.004992835223674774,0.006753459572792053,0.0004069209098815918,0.0007461011409759521,0.004686318337917328,-0.0037089884281158447,-0.003572516143321991,-0.001648545265197754,0.00246410071849823,-0.0031106919050216675,0.0038410574197769165,0.0021763071417808533,0.016691535711288452
61,0.0007435977458953857,0.00010006129741668701,-0.004563257098197937,0.0014190375804901123,-0.0003468245267868042,0.0034890100359916687,-0.00041903555393218994,0.003732621669769287,0.003741137683391571,0.0036907196044921875,-0.002420857548713684,-2.2098422050476074e-05,-0.004132598638534546,0.00424744188785553,0.002870701253414154,-0.005343690514564514,0.002217411994934082,-0.0011313706636428833,-0.00033360719680786133,-0.001422584056854248,0.012575000524520874
62,0.0025660619139671326,0.002269744873046875,-0.009919300675392151,0.004797518253326416,-4.960596561431885e-05,0.0027899593114852905,0.002101331949234009,0.0008755028247833252,0.0022362321615219116,-0.0010951757431030273,0.0022535324096679688,-0.00047522783279418945,0.0009222030639648438,0.00022864341735839844,-0.0036010444164276123,-0.004852503538131714,0.0008418262004852295,-0.0014406442642211914,-0.000648006796836853,0.005281582474708557,0.012052185833454132
63,-0.0026020407676696777,0.0015268474817276,-0.006188094615936279,0.0022664815187454224,0.0010373890399932861,0.0033759698271751404,-0.000192299485206604,0.0023510605096817017,0.010420568287372589,0.0020484328269958496,-0.005648687481880188,0.0007377564907073975,-0.0035159215331077576,0.0038467198610305786,-0.0016909614205360413,-0.0011539608240127563,-0.0013187825679779053,-0.00042870640754699707,-0.0012844204902648926,0.002288922667503357,0.008250236511230469
64,0.0017510950565338135,0.0024994760751724243,-0.009542927145957947,0.00326576828956604,0.0014247745275497437,0.006915092468261719,-0.0013865306973457336,0.0017756819725036621,0.008147954940795898,0.002028331160545349,-0.0028502941131591797,-0.000521436333656311,-0.002044208347797394,0.00066356360912323,-0.0011139363050460815,-0.0031355470418930054,0.004254251718521118,-0.0018542781472206116,0.004759505391120911,-0.003204725682735443,0.01745719462633133
65,0.0013036206364631653,0.0023115724325180054,0.00040203332901000977,0.00455746054649353,0.00125865638256073,0.0038953199982643127,0.003468617796897888,0.002423599362373352,0.0023568570613861084,0.0012753307819366455,0.0025479942560195923,3.807246685028076e-05,-0.0036545991897583008,-0.000632748007774353,-0.0030732154846191406,-0.002561792731285095,0.0023135095834732056,0.0003167763352394104,-0.0035516172647476196,-0.0033545494079589844,0.013211607933044434
66,0.002601616084575653,0.00322781503200531,-0.005363181233406067,-0.0008987188339233398,0.0005498528480529785,0.00431012362241745,0.0015482455492019653,0.003542184829711914,0.006202124059200287,0.002816826105117798,0.0018084049224853516,-0.0004674941301345825,0.001115068793296814,0.0011612176895141602,-0.0016032606363296509,0.0024028271436691284,0.0035629570484161377,0.00014474987983703613,0.0010530948638916016,0.0030628666281700134,0.016899578273296356
67,0.0016306862235069275,0.0027937740087509155,0.003306955099105835,-0.0006495118141174316,-0.0008528083562850952,0.0010349005460739136,0.0008151382207870483,0.0026551932096481323,0.008438549935817719,0.004909351468086243,0.00374014675617218,-0.0010187923908233643,-0.001899123191833496,-0.00031669437885284424,0.0036333128809928894,0.00012162327766418457,0.0016298741102218628,-0.0016856193542480469,0.0013162344694137573,-0.001376911997795105,0.009397871792316437
68,0.0016643032431602478,-0.0020615458488464355,0.006027638912200928,0.0025684982538223267,0.0021727606654167175,0.003872796893119812,-0.0007140040397644043,0.004385665059089661,0.008615970611572266,0.0013336986303329468,-0.000773310661315918,0.0004629194736480713,-0.004855237901210785,0.0010836869478225708,0.00041282176971435547,-0.0044725388288497925,0.0019920915365219116,-0.0011698678135871887,0.0013796985149383545,-0.005399249494075775,0.010778799653053284
69,-0.0017645210027694702,-0.003197997808456421,-0.01522129774093628,0.0009020864963531494,0.0004944652318954468,0.0033342987298965454,-0.00291617214679718,0.0036435872316360474,0.002211056649684906,0.0020550042390823364,0.005644217133522034,1.3791024684906006e-05,-0.0015141814947128296,0.0006470233201980591,0.0006240382790565491,-0.005370184779167175,0.0026127994060516357,0.000370807945728302,-0.0004974305629730225,0.0007251650094985962,0.020215488970279694
70,0.006719537079334259,0.002863258123397827,-0.008153900504112244,0.0008921325206756592,-0.0044965073466300964,0.0014763623476028442,0.0016535893082618713,0.002876460552215576,0.004166148602962494,0.00637054443359375,-0.0016656965017318726,-0.00032570958137512207,0.007353559136390686,-0.0009828656911849976,0.00036009401082992554,-0.007197558879852295,0.0034378468990325928,-0.0016419067978858948,-0.0031497180461883545,-0.0025984421372413635,0.012607507407665253
71,0.001194588840007782,-0.0014032870531082153,0.004559114575386047,0.00599244236946106,-0.00022134184837341309,0.0032572150230407715,0.0007766932249069214,0.003672286868095398,0.0036447495222091675,0.00615730881690979,0.004442781209945679,0.0010233372449874878,-0.0020601823925971985,0.00043711066246032715,0.0030413269996643066,0.0028377920389175415,-3.859400749206543e-05,-0.001270793378353119,-0.001542806625366211,0.0037783533334732056,0.016143783926963806
72,0.002328522503376007,-0.0014104843139648438,0.00989919900894165,0.004822596907615662,0.000996604561805725,0.005323342978954315,0.0007032305002212524,0.0030243992805480957,0.005413264036178589,-0.0002713054418563843,0.0013017654418945312,0.00033351778984069824,-0.001644633710384369,-0.0004642754793167114,0.0063795000314712524,-0.000444263219833374,0.0019577592611312866,-0.0006857290863990784,-0.0008043944835662842,0.006400458514690399,0.017755210399627686
73,0.0015635564923286438,-0.0035548806190490723,0.0003027915954589844,0.0022153258323669434,-0.0018735826015472412,0.0033638104796409607,-0.0006285384297370911,0.003500998020172119,0.00443287193775177,-0.0021176785230636597,0.0027556121349334717,0.0007405877113342285,-0.00024928152561187744,0.003190353512763977,0.006067156791687012,0.0021310150623321533,0.005406677722930908,-0.0023626089096069336,-0.0006371885538101196,-0.0028154104948043823,0.014818921685218811
74,-0.0015942156314849854,0.0009035468101501465,-0.007400840520858765,-0.006732195615768433,-0.005493201315402985,0.003965437412261963,0.0029963329434394836,0.002598866820335388,0.007432878017425537,0.007269054651260376,0.0014767348766326904,-0.00014434754848480225,0.0044856444001197815,0.0005665719509124756,-0.005437247455120087,0.00024816393852233887,0.0024276673793792725,-0.0019144639372825623,-0.000506088137626648,-0.0022488608956336975,0.01365479826927185
75,0.0019091665744781494,0.004141181707382202,0.0035305768251419067,-0.0007778704166412354,-0.008116647601127625,0.0056981295347213745,-0.000537090003490448,0.001709774136543274,0.00047609955072402954,0.004058167338371277,0.0027022510766983032,0.000773899257183075,-0.004779145121574402,-0.002333894371986389,-0.0037448927760124207,-0.003707781434059143,0.0026008635759353638,-0.00014331936836242676,0.0016228854656219482,-0.002539604902267456,0.01480075716972351
76,0.0017826929688453674,-0.0009351372718811035,-0.003342673182487488,0.008216992020606995,0.00030340999364852905,0.00327455997467041,0.0002348572015762329,0.003758847713470459,0.0037163570523262024,0.0024974793195724487,0.0038069188594818115,-0.00013265013694763184,-0.0011165142059326172,-0.0002649575471878052,-0.002098456025123596,-0.0018197447061538696,0.0038626939058303833,-0.0008743405342102051,0.0013770759105682373,0.0051393210887908936,0.012888044118881226
77,-0.0007545351982116699,-0.002081945538520813,-0.007385268807411194,0.00367012619972229,-0.008105777204036713,0.003409668803215027,-0.0030684098601341248,0.002359434962272644,0.004895120859146118,-0.001981496810913086,0.0013922899961471558,0.00015662610530853271,-0.0008081868290901184,0.001223251223564148,0.000797271728515625,-0.0005007088184356689,0.001553073525428772,0.0013248100876808167,0.00012396275997161865,0.0033357813954353333,0.0165896937251091
78,0.003494150936603546,0.00188349187374115,-0.0008683204650878906,-0.001346290111541748,-0.005594395101070404,0.003825269639492035,0.0019051134586334229,0.003726556897163391,0.006938271224498749,0.004369109869003296,0.004200920462608337,-0.0003435760736465454,-0.005926482379436493,-0.00014892220497131348,-0.003564201295375824,-0.004918381571769714,0.004284992814064026,-0.0006268545985221863,-0.001603633165359497,0.00287599116563797,0.012418955564498901
79,0.005370378494262695,0.002861201763153076,-0.005474910140037537,-0.0005522072315216064,0.0006844401359558105,0.004730395972728729,0.0005616545677185059,0.001972988247871399,0.00754692405462265,0.003077894449234009,0.005873769521713257,2.5779008865356445e-06,-0.002397306263446808,0.0002463608980178833,-0.00033310800790786743,-0.002469196915626526,0.00017158687114715576,-0.0009723827242851257,-0.0006775707006454468,-0.0016288533806800842,0.013089939951896667
80,0.00036051124334335327,0.003003716468811035,-0.003733024001121521,0.010535582900047302,0.000939197838306427,0.006648905575275421,0.002310030162334442,0.0018361806869506836,0.005147144198417664,-0.001342475414276123,0.0016039758920669556,-0.00022427737712860107,-0.0045964643359184265,-0.0005510598421096802,0.003681279718875885,-0.0008967220783233643,0.004642784595489502,-0.0024095773696899414,0.003468632698059082,0.0069810375571250916,0.017505943775177002
81,0.0014238730072975159,0.0009677410125732422,-0.001687765121459961,0.0059003084897994995,-0.00698196142911911,0.001968272030353546,-0.00020875781774520874,0.0019132643938064575,0.0076719969511032104,-0.0009261816740036011,-0.0018400847911834717,-4.781782627105713e-05,0.000892147421836853,-0.0016025155782699585,0.0030480995774269104,0.0010915696620941162,0.0035243183374404907,-9.79304313659668e-05,0.00011046230792999268,0.0014183446764945984,0.01326654851436615
82,0.00045465677976608276,-0.0015097856521606445,-0.00611153244972229,0.0062369853258132935,-0.003959201276302338,0.005323827266693115,-0.00025124847888946533,0.0024441927671432495,0.009045124053955078,-0.004045963287353516,0.0034883320331573486,0.0008800625801086426,-0.0009453967213630676,-3.221631050109863e-05,-0.0004248768091201782,7.31348991394043e-05,0.004674956202507019,-0.0009884759783744812,0.0005767196416854858,0.0011307895183563232,0.014104984700679779
83,-0.000596955418586731,-0.0029866844415664673,-0.008847936987876892,0.0030804425477981567,-0.0026144981384277344,0.005925282835960388,0.0008940473198890686,0.002905130386352539,0.0030959174036979675,-0.003095477819442749,0.003208652138710022,0.0013698041439056396,-0.012538932263851166,-0.000699952244758606,0.003908969461917877,-0.006091102957725525,0.001815304160118103,0.0003972053527832031,0.00011563301086425781,-0.0019577518105506897,0.012752220034599304
84,0.0008917227387428284,0.0021152645349502563,0.001832723617553711,0.004569113254547119,0.0009893476963043213,0.002045944333076477,0.0018810629844665527,0.0033962875604629517,0.006855137646198273,0.004887297749519348,0.002301231026649475,0.00041434168815612793,-0.0016451328992843628,-1.3738870620727539e-05,-0.006876364350318909,-0.0010557621717453003,0.0015557259321212769,-0.00017431378364562988,-0.0003930330276489258,0.006340965628623962,0.012731507420539856
85,0.0016143471002578735,0.0008004158735275269,-0.004590943455696106,-0.004078224301338196,-0.00642327219247818,0.0031258314847946167,-0.0009703189134597778,0.003077194094657898,0.006921112537384033,0.0040719956159591675,0.002509191632270813,0.0009424388408660889,-0.003349900245666504,0.0006456226110458374,0.0029790326952934265,-0.00212956964969635,0.0010868459939956665,-0.00014156103134155273,0.001094713807106018,-0.00047538429498672485,0.005777217447757721
86,0.0033160820603370667,0.003937840461730957,0.007448017597198486,0.003635302186012268,-0.000246584415435791,0.0032493919134140015,-0.00015448033809661865,0.0018153786659240723,0.000738881528377533,-0.003357917070388794,0.002262607216835022,0.0012493729591369629,0.005075491964817047,0.001103028655052185,0.0037423670291900635,-0.0005890727043151855,0.0015135854482650757,-0.0001376718282699585,0.00455830991268158,-0.0009013712406158447,0.012934908270835876
87,0.00554993748664856,0.0037812739610671997,-0.001242414116859436,0.0001100301742553711,0.004446238279342651,0.0026051923632621765,0.0013330578804016113,0.0027537941932678223,0.0020518451929092407,0.0003422051668167114,0.0005244463682174683,0.001770123839378357,0.005013808608055115,0.0012878328561782837,-0.0016570314764976501,0.005010440945625305,5.1081180572509766e-05,-0.00011949241161346436,0.0024498552083969116,0.0015556663274765015,0.010972194373607635
88,0.0036429762840270996,-0.0001884549856185913,-0.005201354622840881,-8.988380432128906e-05,0.0014685913920402527,0.005078494548797607,-0.0025429055094718933,0.0035675019025802612,0.013331301510334015,0.0018443018198013306,0.0008883923292160034,-0.0009734183549880981,-0.0062670111656188965,0.0009059906005859375,0.0006509870290756226,-0.0016239434480667114,0.002777308225631714,-0.001853644847869873,-0.0012931525707244873,0.0014078319072723389,0.011458441615104675
89,0.002925597131252289,-0.00061015784740448,-0.007654637098312378,-0.0007777959108352661,-0.00021357834339141846,0.004075229167938232,-0.0013296231627464294,0.0030653178691864014,0.0018859133124351501,-0.0048254430294036865,-0.00060996413230896,0.0010204017162322998,-0.0037244781851768494,-0.002229452133178711,0.002711072564125061,0.0023756176233291626,0.0036734342575073242,-0.00021478533744812012,0.0032224804162979126,0.001859024167060852,0.009107068181037903
90,0.0017989575862884521,0.00013144314289093018,-0.003726184368133545,0.006735488772392273,0.005962736904621124,0.005129970610141754,-0.003582872450351715,0.0014617443084716797,0.010279849171638489,0.0018277466297149658,-0.0010218322277069092,1.825392246246338e-05,-0.00340261310338974,-0.0002873837947845459,-0.0013474151492118835,-0.004483163356781006,0.0008869171142578125,-0.0005890876054763794,0.0013699531555175781,-0.00026541203260421753,0.013318456709384918
91,0.002100139856338501,-7.118284702301025e-05,0.001269906759262085,0.002602487802505493,0.0025167837738990784,0.0027505680918693542,-0.00020378828048706055,0.001219719648361206,0.0037716999650001526,-0.004000604152679443,0.0028725266456604004,3.266334533691406e-05,-0.003450915217399597,-0.0017867684364318848,-0.00429806113243103,-0.000875815749168396,0.0005230605602264404,0.0006148293614387512,0.001004144549369812,0.005561374127864838,0.012755289673805237
92,0.002744331955909729,0.001457512378692627,-0.003885224461555481,0.008745267987251282,-0.0012439340353012085,0.003217339515686035,0.001850612461566925,0.00223715603351593,0.0032797902822494507,0.0014971643686294556,0.0007369667291641235,-0.0002559274435043335,0.001217186450958252,0.0025292634963989258,0.004804573953151703,-0.003781154751777649,0.0018930584192276,-0.001568719744682312,0.001034960150718689,0.0012327209115028381,0.007431551814079285
93,0.003790035843849182,-0.0009081214666366577,-0.02018970251083374,-0.0013721436262130737,-0.003768615424633026,0.0055443719029426575,0.0026324987411499023,0.0031473934650421143,0.001309998333454132,0.0013230443000793457,-0.00018547475337982178,0.00011430680751800537,-0.0032571405172348022,-0.0015123486518859863,0.0011068284511566162,-0.00294378399848938,0.0021535903215408325,-0.0015012919902801514,0.004504799842834473,-0.0004420056939125061,0.013968124985694885
94,0.00025328248739242554,-0.0012207478284835815,0.013919353485107422,0.00806504487991333,-0.0016582682728767395,0.0029235035181045532,-0.0007416456937789917,0.0025423169136047363,-0.00015313178300857544,0.0029918551445007324,0.00218084454536438,-0.0004010051488876343,0.00524352490901947,-0.0010980218648910522,0.0014893189072608948,-0.0018893927335739136,0.0020942986011505127,-0.0017577484250068665,-0.0010374188423156738,0.001476295292377472,0.008516333997249603
95,0.0018711686134338379,0.0006698668003082275,-0.005135387182235718,-0.0022165924310684204,-0.0021538957953453064,0.003656327724456787,0.00013472139835357666,0.003819674253463745,0.005495548248291016,0.011014878749847412,0.002422139048576355,0.0009005218744277954,-0.01095563918352127,0.000916793942451477,-0.004100307822227478,-0.0021414905786514282,0.001528903841972351,-5.4389238357543945e-05,0.0011289715766906738,0.0018458068370819092,0.01277480274438858
96,0.0020197629928588867,0.002275794744491577,-0.005457714200019836,0.0007962286472320557,-0.0021031945943832397,0.0026105791330337524,0.000779464840888977,0.0033533573150634766,0.006100937724113464,0.0031029880046844482,0.0017537176609039307,-0.0004437863826751709,0.00541406124830246,0.001138642430305481,-0.0017811432480812073,-0.004476457834243774,0.003215119242668152,-0.0012796148657798767,0.0003370344638824463,0.0030689984560012817,0.011669911444187164
97,-0.001337401568889618,-0.0009374767541885376,-0.005447894334793091,0.0025763660669326782,-0.0022915005683898926,0.0038266852498054504,-0.0043550580739974976,0.00045874714851379395,0.005038648843765259,-0.0013576894998550415,-0.0033495575189590454,-0.0009696483612060547,-0.00439993292093277,-0.0013446211814880371,0.0020936056971549988,-0.004585817456245422,0.003938555717468262,-0.0011756867170333862,0.0006817728281021118,3.298372030258179e-05,0.007654532790184021
98,0.0017257854342460632,0.000842750072479248,0.0059331804513931274,-0.0041443705558776855,-0.0037128254771232605,0.004736468195915222,0.0008010119199752808,0.0023839324712753296,0.0054715946316719055,-0.002926439046859741,-4.8726797103881836e-05,0.0008821561932563782,0.00015176832675933838,0.0010220110416412354,-0.002079784870147705,-0.0004842430353164673,0.004059314727783203,-0.001968488097190857,0.0028036385774612427,0.0040653422474861145,0.010997287929058075
99,0.0027779415249824524,0.0006684362888336182,0.012126833200454712,-0.001697540283203125,-0.0036503002047538757,0.0030702874064445496,-0.0025066807866096497,0.002309367060661316,0.006824590265750885,0.006948813796043396,0.0013241469860076904,-0.00031626224517822266,0.008245937526226044,0.0018129795789718628,-0.0011758506298065186,-0.0028380751609802246,0.003476858139038086,-0.00048147886991500854,0.0030278414487838745,0.0028011128306388855,0.008573569357395172
100,-0.0026403069496154785,-0.00010769069194793701,0.01162208616733551,0.004335165023803711,-0.0026624128222465515,0.002918049693107605,-0.0028053224086761475,0.0032951831817626953,0.0072856321930885315,0.004529893398284912,-0.001532912254333496,-0.0007128119468688965,-0.00537390261888504,0.0027310997247695923,-0.0011166632175445557,-0.00685042142868042,0.002374619245529175,-0.0006200820207595825,0.003427743911743164,0.004075326025485992,0.007517367601394653
101,0.0038284659385681152,0.0010573416948318481,0.006607353687286377,-0.005563393235206604,-0.0016478002071380615,0.0020967721939086914,0.0006696581840515137,0.0035737305879592896,0.008853331208229065,0.00022234022617340088,0.0015479028224945068,6.218254566192627e-05,0.002261705696582794,0.002471610903739929,-0.005679197609424591,-0.002400130033493042,0.0016162842512130737,-0.0001824796199798584,-0.0010171234607696533,0.0012746602296829224,0.008488431572914124
102,-0.0009157061576843262,0.0009681880474090576,0.010455742478370667,0.0009370148181915283,-0.0049809738993644714,0.0013822466135025024,4.70578670501709e-05,0.001427963376045227,0.001253381371498108,0.00047625601291656494,0.00037951767444610596,0.0002458244562149048,-0.0010029003024101257,0.00211372971534729,0.0031281784176826477,-0.0007429122924804688,0.0017647743225097656,0.0002836287021636963,-0.003967121243476868,0.003630220890045166,0.007926449179649353
103,0.006171993911266327,-0.00017628073692321777,-0.001505047082901001,0.0003198385238647461,0.0014956668019294739,0.004112802445888519,-0.0014059990644454956,0.0012853145599365234,-0.0005397647619247437,0.001206919550895691,0.0014235079288482666,0.0012543648481369019,-0.009651429951190948,0.0028610825538635254,-0.0032197386026382446,0.001224905252456665,0.0017442554235458374,-0.0023050010204315186,-0.000449255108833313,-0.0014885365962982178,0.010269753634929657
104,0.0005488842725753784,0.000646248459815979,0.0035790950059890747,-0.005270272493362427,-0.0019246488809585571,0.0046960413455963135,-0.0006224662065505981,0.0009938031435012817,0.011201657354831696,0.0035321861505508423,0.003297567367553711,-0.000547260046005249,-0.0028092488646507263,0.0007864087820053101,-0.0014866963028907776,-0.004626929759979248,0.0028322041034698486,-4.925578832626343e-05,0.001027807593345642,0.0006397441029548645,0.008682571351528168
105,-0.0010067000985145569,0.0009059309959411621,-0.014908775687217712,-0.00037407875061035156,0.005117893218994141,0.0035954639315605164,-0.0008461698889732361,0.0019432902336120605,0.0032926276326179504,0.00022499263286590576,0.002226516604423523,0.0006371140480041504,0.004647664725780487,-0.0011509507894515991,8.568167686462402e-07,-0.0038804560899734497,0.0015667974948883057,-0.000982925295829773,0.0029968619346618652,0.0035438314080238342,0.01103413850069046
106,0.00025276094675064087,-0.0002446025609970093,0.0027997195720672607,-0.0031180977821350098,0.0005024224519729614,0.004287488758563995,0.0004130750894546509,0.0031777918338775635,0.008590199053287506,0.004943236708641052,0.0005763471126556396,0.0017565414309501648,-0.0070824772119522095,-0.0017633140087127686,-0.002020522952079773,-0.006444066762924194,0.002499133348464966,-0.0013788342475891113,0.0023710280656814575,0.0013683214783668518,0.010232925415039062
107,0.0011693164706230164,0.003861263394355774,-0.010251998901367188,-0.00018669664859771729,-0.01037093997001648,0.0036168619990348816,0.001331329345703125,0.004255965352058411,0.002389654517173767,0.003927826881408691,0.005782559514045715,0.0003022700548171997,-0.005380585789680481,-0.001161426305770874,0.004752814769744873,0.003935232758522034,0.001997336745262146,-0.0002731531858444214,-0.0008974522352218628,0.0026825591921806335,0.012712694704532623
108,0.0005313605070114136,0.007159501314163208,0.0006414055824279785,-0.004554420709609985,-0.005235150456428528,0.0011532455682754517,0.0003110915422439575,0.0021849125623703003,0.004988119006156921,0.004217028617858887,0.003704845905303955,0.00035019218921661377,-0.008007913827896118,0.0013500005006790161,-0.004364669322967529,-0.0010424554347991943,0.0017906427383422852,-0.0008244961500167847,0.001604720950126648,-0.0047292932868003845,0.010908052325248718
109,0.0014952421188354492,0.004329472780227661,0.006207555532455444,-0.0006348937749862671,0.0009729266166687012,0.0036712363362312317,0.0011214613914489746,0.004246748983860016,0.0007538869976997375,0.002333119511604309,-0.001187145709991455,0.000567018985748291,0.0050599053502082825,0.0010455995798110962,0.004149407148361206,0.0013467669486999512,0.003451988101005554,-0.0017901137471199036,0.0004799962043762207,-0.0004315376281738281,0.00828273594379425
110,-0.0006440132856369019,0.0004912018775939941,0.010000556707382202,0.008535563945770264,-0.010688826441764832,0.004020415246486664,0.001013040542602539,0.001587018370628357,0.004747070372104645,0.00181657075881958,0.003276333212852478,0.0004696696996688843,-0.007869221270084381,-0.00023746490478515625,0.008257955312728882,-0.00037704408168792725,0.005279421806335449,-0.0004451349377632141,0.003035113215446472,0.0008893609046936035,0.006319262087345123
111,0.00291365385055542,0.0006827563047409058,-0.0029631108045578003,0.006294041872024536,-0.003773510456085205,0.004310764372348785,-0.00036631524562835693,0.003666236996650696,0.008814595639705658,0.007859453558921814,0.002737298607826233,-6.808340549468994e-05,0.0014903172850608826,-0.0004053562879562378,-0.001501522958278656,-0.0036056041717529297,0.0020282119512557983,0.00026347488164901733,0.0008237212896347046,-0.00308150053024292,0.010639123618602753
112,-0.00027050822973251343,0.0030533969402313232,-0.0019230842590332031,0.00097636878490448,-9.299814701080322e-05,0.0035437867045402527,0.00026214122772216797,0.002763614058494568,0.008589252829551697,0.004751190543174744,0.0033657997846603394,-0.0007327944040298462,-0.0011362656950950623,0.0001249760389328003,0.004404090344905853,-0.0013681650161743164,0.0026788562536239624,-0.0011832937598228455,-0.0011363476514816284,-0.0006257146596908569,0.012644879519939423
113,1.2487173080444336e-05,-0.0002455860376358032,0.020287394523620605,0.0038809478282928467,-0.00573691725730896,0.006474614143371582,-0.0030516237020492554,0.0032170936465263367,0.007687382400035858,0.003959879279136658,-0.002979069948196411,-0.0001830458641052246,0.0048491209745407104,0.0010130703449249268,0.006074726581573486,0.00039996206760406494,0.0029771625995635986,-0.0010852813720703125,-0.0010942965745925903,0.0012070685625076294,0.011638261377811432
114,0.0022646114230155945,0.0006067007780075073,-0.006784021854400635,0.001326233148574829,0.004268847405910492,0.0037988871335983276,-0.0003495514392852783,0.0015294253826141357,0.006364785134792328,-0.00024013221263885498,-0.0003980696201324463,-4.9501657485961914e-05,-0.007103875279426575,0.001976102590560913,0.00015422701835632324,-0.004484489560127258,0.002636849880218506,-0.0010824650526046753,-0.0038210004568099976,0.005696333944797516,0.01251867413520813
115,0.006763726472854614,-3.6910176277160645e-05,0.004607304930686951,0.001266762614250183,0.000196896493434906,0.006360672414302826,0.0010300129652023315,0.0020291879773139954,0.0026785507798194885,0.0012421905994415283,0.0024739503860473633,0.0008646249771118164,0.0014379695057868958,-0.0011176913976669312,0.005644708871841431,0.0007777959108352661,0.0013417601585388184,-0.0020808354020118713,0.0008846372365951538,0.00512540340423584,0.008424915373325348
116,0.003106147050857544,0.0010851621627807617,0.005491822957992554,0.002539724111557007,-0.007212623953819275,0.0022881627082824707,0.0018911585211753845,0.0025762468576431274,0.0033559277653694153,0.0015534162521362305,0.0035558491945266724,0.0010551214218139648,0.002317376434803009,-0.0009211748838424683,-0.002297140657901764,-0.0038863718509674072,0.0017670542001724243,-0.001680813729763031,4.780292510986328e-05,0.0009339898824691772,0.012106165289878845
117,-0.0011777877807617188,0.0017322301864624023,-0.0030751973390579224,0.003981649875640869,-0.0005074441432952881,0.006511107087135315,0.0030144378542900085,0.002257019281387329,0.009343795478343964,-0.002481132745742798,0.00324055552482605,0.0005297958850860596,-0.006697364151477814,-0.0011857599020004272,-0.0015868321061134338,0.0003672093152999878,0.0011681467294692993,-0.0011868998408317566,0.00257149338722229,0.002640046179294586,0.010294809937477112
118,-0.0010333061218261719,0.001719743013381958,0.0034960955381393433,0.002538233995437622,-0.0009297728538513184,0.0038411393761634827,0.0014363527297973633,0.0031053125858306885,0.005039528012275696,0.003594130277633667,0.0005770325660705566,-0.0005591511726379395,0.00032301992177963257,0.0022083818912506104,0.006846629083156586,-0.004117712378501892,0.0027330517768859863,-0.00129004567861557,-0.0015533417463302612,-0.00012026727199554443,0.00861714780330658
119,0.0016769170761108398,-0.0010867863893508911,-0.005306020379066467,-0.0005238205194473267,-0.005042500793933868,0.00426146388053894,-0.002353869378566742,0.0026568472385406494,0.00042860209941864014,0.000722244381904602,0.0008169114589691162,0.0002658441662788391,-0.0005470961332321167,-0.0011752694845199585,-0.0019453689455986023,-0.002145335078239441,0.000512346625328064,-0.00025419890880584717,0.0006079524755477905,0.003288060426712036,0.007504485547542572
120,0.003699280321598053,0.0038033276796340942,-0.003946617245674133,-0.008839160203933716,-0.00831422209739685,0.004142291843891144,-0.003223419189453125,0.0030978769063949585,0.004506126046180725,0.002729952335357666,0.003483325242996216,0.0004343464970588684,-0.002608679234981537,0.002072378993034363,0.004400856792926788,-0.005032360553741455,0.0031349211931228638,-7.465481758117676e-05,0.0049749016761779785,0.0039322227239608765,0.006218813359737396
121,0.0015263929963111877,-0.00012095272541046143,0.01147434115409851,0.009290486574172974,-0.003339990973472595,0.005746029317378998,0.0004693567752838135,0.0037328004837036133,0.00786832720041275,0.0011482834815979004,-1.7136335372924805e-05,0.0018404722213745117,-0.008934222161769867,-0.0006644874811172485,0.002388015389442444,0.004952773451805115,0.0013527274131774902,-0.001017846167087555,-0.002420172095298767,0.004966907203197479,0.006655953824520111
122,0.0004462823271751404,0.0016187280416488647,0.01317492127418518,0.003252655267715454,-0.009537942707538605,0.006834372878074646,-0.00031894445419311523,0.002989448606967926,0.006547614932060242,0.0025531798601150513,0.003774315118789673,-0.00022977590560913086,0.008643895387649536,-0.0006317347288131714,0.0001973286271095276,-0.0005162656307220459,0.0030263811349868774,-0.0004237741231918335,0.0001644343137741089,0.0023929476737976074,0.010184548795223236
123,-0.0005667507648468018,0.0031230151653289795,0.005425542593002319,0.0006838440895080566,-0.007511019706726074,0.004085540771484375,0.000159531831741333,0.002830617129802704,0.005518212914466858,0.0020227134227752686,0.0034089237451553345,0.0012218281626701355,-0.008529521524906158,0.000435560941696167,0.005404844880104065,0.0008608102798461914,-0.0014700442552566528,-0.0008087232708930969,-0.001388460397720337,0.005017049610614777,0.0043335482478141785
124,-0.0018940120935440063,0.003558546304702759,-0.006533756852149963,0.0027657151222229004,-0.0010253265500068665,0.004739739000797272,0.0006436631083488464,0.002672262489795685,0.0024062395095825195,0.0006437003612518311,0.0016200840473175049,0.0017566829919815063,-0.005841940641403198,0.003496304154396057,0.002925306558609009,0.0020696669816970825,0.002675294876098633,-0.001425415277481079,0.0032700002193450928,0.0008130446076393127,0.013009890913963318
125,0.0032607242465019226,-0.00025700032711029053,-0.006652131676673889,-0.0020301342010498047,0.0011220276355743408,0.002726905047893524,0.001037783920764923,0.002739354968070984,0.007751241326332092,0.0008374005556106567,-0.0014425069093704224,-0.0014133080840110779,-0.008637338876724243,-0.001429244875907898,0.0048524364829063416,0.0021755099296569824,0.0032233744859695435,-0.0018270611763000488,-0.0009218603372573853,0.0022694915533065796,0.0067019984126091
126,0.0005128160119056702,0.0005648881196975708,-0.0010315179824829102,0.0007018744945526123,-0.0031759142875671387,0.0013057813048362732,0.0004002228379249573,0.0013293474912643433,0.005719348788261414,0.005029767751693726,0.001601293683052063,0.0006774812936782837,0.00256182998418808,0.001714661717414856,-0.0007764175534248352,0.0015994906425476074,0.0027151405811309814,-0.0012935623526573181,0.005632489919662476,0.004658162593841553,0.008319489657878876
127,0.0028932318091392517,0.003285422921180725,-0.0010922402143478394,0.007165059447288513,-0.0026348233222961426,0.00472036749124527,0.001053549349308014,0.002392888069152832,0.008570410311222076,-0.0007126331329345703,-0.002463221549987793,0.0004037097096443176,-0.0036693066358566284,-0.00043722987174987793,-0.002962149679660797,0.0009374469518661499,0.0027202367782592773,1.650303602218628e-05,7.252395153045654e-05,-0.00416121631860733,0.012675680220127106
128,0.0054213181138038635,0.0006324052810668945,0.011893883347511292,0.004051640629768372,0.0012032240629196167,0.004896983504295349,0.00351107120513916,0.003112293779850006,0.007878780364990234,0.0032679587602615356,-0.0018780827522277832,0.00055723637342453,-0.005120225250720978,0.002410605549812317,0.0018595308065414429,-0.0036296844482421875,0.0010854750871658325,-0.0034601613879203796,-0.00023470818996429443,0.0041144490242004395,0.01122775673866272
129,0.0022199898958206177,2.2619962692260742e-05,-0.005165889859199524,0.002315416932106018,-0.0023872405290603638,0.002606533467769623,-0.004270114004611969,0.0030316710472106934,0.012159250676631927,0.0028093308210372925,0.0024911463260650635,0.0007545351982116699,-0.00637374073266983,0.00039051473140716553,-0.0012225955724716187,-0.0006564855575561523,0.0016342103481292725,-0.0005484446883201599,0.0011797696352005005,-0.0014026463031768799,0.014290809631347656
130,0.004655614495277405,0.0010194331407546997,-0.004997551441192627,0.008679479360580444,0.0011285170912742615,0.004181616008281708,0.0008007436990737915,0.003928773105144501,0.009110741317272186,0.001408204436302185,0.004819393157958984,0.0011292025446891785,-0.004083603620529175,0.0003894716501235962,0.004137702286243439,0.0003713667392730713,0.004315294325351715,-0.0010932311415672302,-0.0021369755268096924,0.0015053227543830872,0.012187771499156952
131,0.0006577968597412109,0.0008174628019332886,0.0038155168294906616,0.0006834417581558228,0.0020731016993522644,0.0021204501390457153,0.0017431527376174927,0.0017708465456962585,0.00678359717130661,0.0078488290309906,-0.0008415281772613525,0.0006890222430229187,-0.004847392439842224,-0.0002101212739944458,-0.004633374512195587,-0.006434962153434753,0.0026431530714035034,-0.001030661165714264,6.525218486785889e-05,0.00046709924936294556,0.010090827941894531
132,0.0028533264994621277,0.00011064112186431885,0.0033521801233291626,-0.0007553696632385254,-0.008807919919490814,0.0038727447390556335,-0.0008126199245452881,0.0015025585889816284,0.009501054883003235,0.0032140016555786133,0.0034782886505126953,0.000246390700340271,-0.003057613968849182,0.0003318190574645996,0.0018907412886619568,-1.2516975402832031e-05,0.0024952441453933716,-0.0016344115138053894,0.0019293427467346191,0.00199127197265625,0.011862702667713165
133,-0.000985950231552124,-0.00026491284370422363,0.002297013998031616,0.0029946118593215942,-0.005980446934700012,0.003369338810443878,0.0007025524973869324,0.0029862672090530396,0.004360847175121307,0.0039912015199661255,-0.0006482303142547607,-0.00018565356731414795,-0.008576065301895142,0.002749428153038025,-0.0028015300631523132,-0.0006739199161529541,0.0035220086574554443,-0.0005933493375778198,-0.0016599446535110474,0.0025358572602272034,0.011051207780838013
134,0.0035986974835395813,0.0013949275016784668,0.0041970014572143555,0.0015803724527359009,-0.0029703527688980103,0.0053659602999687195,0.0010261014103889465,0.0021413788199424744,0.0022458136081695557,0.00433996319770813,-0.0021971017122268677,0.0010100007057189941,-0.007438331842422485,0.0026992857456207275,0.0013247281312942505,0.002136632800102234,0.0017196834087371826,0.0006195157766342163,-0.00015348196029663086,4.684180021286011e-05,0.007014043629169464
135,-0.0011262595653533936,0.0014865249395370483,0.008119389414787292,-0.0011522620916366577,0.0027195215225219727,0.004866667091846466,0.00018104910850524902,0.0015272125601768494,0.006393790245056152,0.002417251467704773,0.001521974802017212,0.0009454414248466492,0.003537312150001526,0.0015554726123809814,-0.0029720887541770935,-0.0023709088563919067,0.0033233612775802612,-0.0009461715817451477,0.0019138306379318237,0.00254996120929718,0.014245353639125824
136,0.007071010768413544,0.00032523274421691895,-0.012445494532585144,-0.0014121830463409424,0.0020351409912109375,0.004802048206329346,0.0015045851469039917,0.001903824508190155,0.0018749237060546875,0.004593953490257263,-0.0002641826868057251,0.0004356279969215393,-0.013313978910446167,-0.0016813278198242188,0.0030388087034225464,-0.00046594440937042236,0.0028176307678222656,-0.0009915977716445923,-0.00020059943199157715,0.0011954233050346375,0.008250370621681213
137,-0.0012281537055969238,0.0015771538019180298,0.00148715078830719,0.0039382874965667725,-0.006655864417552948,0.002735719084739685,0.001035355031490326,0.0021965429186820984,0.004673562943935394,0.0018486827611923218,0.004098623991012573,-0.0001776367425918579,-0.000740639865398407,0.0006632208824157715,-0.0019336417317390442,-0.005218580365180969,0.002468422055244446,-0.0014789551496505737,-0.0002101808786392212,0.006734408438205719,0.006177149713039398
138,0.0008497834205627441,0.0012424439191818237,-0.0002913475036621094,0.0037850886583328247,0.0007858425378799438,0.0015866383910179138,-0.0010166466236114502,0.0019888654351234436,0.000607125461101532,0.0038794726133346558,0.004308179020881653,-3.4123659133911133e-06,-0.0023408979177474976,0.0015185624361038208,0.001871451735496521,-0.004056587815284729,0.0035388171672821045,-0.0011101514101028442,-0.002373054623603821,0.003149844706058502,0.015710338950157166
139,0.00531584769487381,0.00023664534091949463,-0.009667396545410156,0.0038239508867263794,0.0016422942280769348,0.0026291608810424805,3.904104232788086e-05,0.002727307379245758,0.007076576352119446,-0.0012377649545669556,-0.0003126859664916992,0.0012625008821487427,-0.006273962557315826,0.0007666498422622681,-0.0024679750204086304,-0.0047158896923065186,0.0033009275794029236,-0.0023469477891921997,-0.0007953941822052002,0.006189778447151184,0.01000291109085083
140,0.0016063526272773743,0.00010643899440765381,0.018375247716903687,0.004717722535133362,-0.004470802843570709,0.004194431006908417,-0.0009697005152702332,0.0024047866463661194,0.005548804998397827,0.006387621164321899,0.0014624744653701782,0.0010319501161575317,-0.0046831294894218445,0.001706644892692566,0.0022092536091804504,-0.002207353711128235,0.005134187638759613,-0.0016351938247680664,0.001013055443763733,0.005786582827568054,0.008403085172176361
141,-0.0010652169585227966,0.0010710060596466064,0.007673084735870361,0.004552870988845825,-0.0006479918956756592,0.0033418387174606323,0.0013801082968711853,0.0011826157569885254,0.0013024881482124329,0.004996806383132935,0.00036221742630004883,0.0007602125406265259,0.002017185091972351,-0.00027205049991607666,0.00097685307264328,-0.007179051637649536,0.0037595629692077637,-0.002248898148536682,0.0018200576305389404,0.003883734345436096,0.01394612342119217
142,-0.0023935362696647644,0.0021646469831466675,-0.00039024651050567627,-0.01012258231639862,0.0013535842299461365,0.0021338313817977905,0.0014010071754455566,0.002571679651737213,0.0047799646854400635,0.007559150457382202,0.0025878846645355225,-0.0007280111312866211,-0.004136532545089722,-0.0012895166873931885,0.0013848766684532166,-0.004279151558876038,0.002995699644088745,0.0002383589744567871,0.0027407407760620117,0.00017358362674713135,0.010434135794639587
143,0.0030066370964050293,0.0028966665267944336,0.0031171590089797974,-0.001538500189781189,-0.010792456567287445,0.002233251929283142,0.0025427043437957764,0.003950446844100952,0.00802745670080185,0.003979876637458801,-0.0003994256258010864,-0.000274658203125,-0.0049391016364097595,-0.0017017573118209839,-0.0009227842092514038,-0.0023162364959716797,0.0026225745677948,-0.0017903447151184082,-0.0002282559871673584,0.004986867308616638,0.013888552784919739
144,-0.002596840262413025,-0.00170154869556427,0.0009897351264953613,0.004963234066963196,-0.0008990690112113953,0.005782805383205414,-0.001109100878238678,0.0028124675154685974,0.006954669952392578,-7.703900337219238e-05,-0.0028741657733917236,3.4809112548828125e-05,-0.005415111780166626,0.0022579580545425415,-0.000478304922580719,-0.0007910430431365967,0.0010618865489959717,-0.00206785649061203,0.0017411112785339355,0.001775488257408142,0.011915251612663269
145,0.00031729042530059814,-0.0007039755582809448,0.0038335472345352173,0.003587082028388977,0.00541224330663681,0.0037957727909088135,0.0012087821960449219,0.0036096572875976562,0.006528601050376892,-8.334219455718994e-05,-0.0017947554588317871,0.0007407665252685547,0.011120826005935669,-0.0023576170206069946,0.0032911375164985657,-0.0035998523235321045,0.0016453564167022705,-0.002778187394142151,-0.0031224340200424194,0.006334975361824036,0.010221175849437714
146,0.0073310211300849915,-0.0005954951047897339,0.004996404051780701,-0.00022584199905395508,-0.00032657384872436523,0.0021442174911499023,-0.0019397512078285217,0.0022024139761924744,0.007918350398540497,0.005103349685668945,0.0014482438564300537,-0.0003245323896408081,-0.00392720103263855,0.0008548051118850708,0.000988982617855072,-0.0014699846506118774,0.001653239130973816,-0.0027887076139450073,0.0007499605417251587,-0.0007435083389282227,0.007914729416370392
147,0.0018584877252578735,0.0006553381681442261,0.0053746700286865234,0.00026567280292510986,-0.0013765320181846619,0.0035458728671073914,0.0023037195205688477,0.0013300403952598572,0.007319033145904541,0.005241170525550842,0.0011618435382843018,0.0009514540433883667,-0.0029164478182792664,-0.0007648169994354248,-0.006119057536125183,-0.0014739036560058594,0.0018139630556106567,-0.0005018711090087891,-0.0010607391595840454,0.00032623112201690674,0.01411823183298111
148,0.0017530173063278198,0.0020438283681869507,0.0039497315883636475,0.003826528787612915,0.0016384795308113098,0.0031033381819725037,-7.152557373046875e-05,0.003043912351131439,0.005934946238994598,3.7416815757751465e-05,-0.0010061413049697876,0.0012328028678894043,0.0070929154753685,0.0025733858346939087,-0.003947600722312927,0.002375662326812744,0.0017879307270050049,-0.0020508840680122375,-0.0009923279285430908,0.002557605504989624,0.012652471661567688
149,-0.0014276504516601562,-8.581578731536865e-05,-0.0001752227544784546,0.0032764822244644165,0.0006485432386398315,0.006803005933761597,0.0015897005796432495,0.0026199817657470703,0.009764350950717926,0.0037970691919326782,0.000962480902671814,-0.00013953447341918945,0.008287884294986725,0.001782730221748352,0.0011589452624320984,7.541477680206299e-05,0.002116665244102478,-0.0015890151262283325,-0.001830771565437317,0.0031766220927238464,0.015419915318489075
150,0.002152957022190094,-0.0004763603210449219,0.013105139136314392,-0.0004554837942123413,-0.0008780583739280701,0.005375385284423828,0.0014465376734733582,0.004188172519207001,0.005351252853870392,0.0046844482421875,0.0014788061380386353,-0.001051396131515503,0.009531915187835693,0.0005689561367034912,-0.0006592273712158203,-0.0014368146657943726,0.002071753144264221,-0.0003981292247772217,0.0037852227687835693,6.730109453201294e-05,0.00916258990764618
151,0.004624001681804657,0.004052057862281799,0.0072171688079833984,0.0033049285411834717,0.0032331645488739014,0.003233961760997772,0.0029793530702590942,0.0025431066751480103,0.00783289223909378,0.007570892572402954,0.0017416179180145264,0.0002348572015762329,0.009928226470947266,0.00021955370903015137,0.0038461238145828247,-0.0007020086050033569,0.003182724118232727,0.00034584105014801025,0.00033992528915405273,0.004223272204399109,0.01223038136959076
152,0.0031686797738075256,0.002303078770637512,0.003992781043052673,0.002397015690803528,0.0038448572158813477,0.0035159215331077576,0.001225300133228302,0.002093777060508728,0.007943704724311829,0.00612853467464447,0.004259020090103149,0.0006979405879974365,-0.006463170051574707,-0.0010584741830825806,0.0011135563254356384,-0.0007669925689697266,0.0022303014993667603,-0.001288190484046936,-0.0006971955299377441,0.0016580596566200256,0.008444979786872864
153,0.0015633702278137207,-0.0003044605255126953,-0.004902482032775879,-5.185604095458984e-06,-0.006253011524677277,0.005283020436763763,0.0017833784222602844,0.0026493221521377563,0.005041696131229401,0.0014351904392242432,0.002104058861732483,0.001891300082206726,-0.004179678857326508,0.0005680471658706665,0.0005301088094711304,0.000615343451499939,0.0009173750877380371,-0.0006733164191246033,0.00095406174659729,0.00452025979757309,0.009655632078647614
154,-0.0012831315398216248,0.00042976438999176025,-0.0030395090579986572,0.0007981210947036743,0.006525509059429169,0.0015970692038536072,0.0023245811462402344,0.0015158802270889282,0.00847885012626648,0.004473388195037842,0.003879070281982422,0.0010998696088790894,0.005189768970012665,-0.001686394214630127,0.004236839711666107,-0.0016693323850631714,0.001324579119682312,-0.000171758234500885,0.0010459572076797485,0.00500863790512085,0.014042928814888
155,0.0004235878586769104,-9.721517562866211e-05,-0.00498691201210022,-0.002307221293449402,0.004214681684970856,0.004567332565784454,-0.0006954371929168701,0.0027180761098861694,0.009763829410076141,0.007967501878738403,0.0011040419340133667,0.0007977783679962158,0.00022216886281967163,4.3779611587524414e-05,0.0029085874557495117,0.0011788159608840942,0.0029019638895988464,-0.0016720667481422424,0.0030632466077804565,0.006884396076202393,0.016870684921741486
156,0.0021057724952697754,0.0022309571504592896,0.002491086721420288,0.006808161735534668,-0.0013161003589630127,0.002363935112953186,0.0009349733591079712,0.0033755451440811157,0.002635374665260315,0.002380549907684326,0.004174754023551941,-0.00020401179790496826,0.00035252422094345093,0.0004472285509109497,-0.006199672818183899,-0.003039732575416565,0.003368943929672241,-0.0015325173735618591,-0.0005490630865097046,0.0024060308933258057,0.010209046304225922
157,0.0030996203422546387,0.000854983925819397,0.01260577142238617,0.0024109631776809692,-0.004823610186576843,0.0029636919498443604,-0.0025982633233070374,0.0026964768767356873,0.0035754963755607605,0.00037723779678344727,0.004014074802398682,0.0006446689367294312,0.0009562596678733826,-0.000582769513130188,0.001551508903503418,0.0011285096406936646,0.002158239483833313,-0.0015519484877586365,0.00036503374576568604,0.002652212977409363,0.0102553591132164
158,0.007376119494438171,0.0025264322757720947,0.0033686012029647827,0.0028243958950042725,-0.0061816200613975525,0.003850802779197693,6.517022848129272e-05,0.003284141421318054,0.0030764639377593994,0.005161896347999573,0.002478078007698059,0.0009924471378326416,0.001645103096961975,0.0006647557020187378,0.00022607296705245972,0.002324998378753662,0.0005954653024673462,9.402632713317871e-06,-0.0013644695281982422,-0.002857312560081482,0.007938243448734283
159,-0.0023599788546562195,0.0003457069396972656,0.007566481828689575,0.002572357654571533,-8.589029312133789e-05,0.004845261573791504,-0.0011519640684127808,0.002746574580669403,0.010223902761936188,0.0036044418811798096,0.001011490821838379,8.150935173034668e-05,0.005588069558143616,0.0022872239351272583,0.0022277161478996277,-0.003635779023170471,0.003443211317062378,-0.0024429112672805786,0.0027302205562591553,0.004884347319602966,0.005542010068893433
160,0.003626108169555664,0.0003933161497116089,0.009576767683029175,0.006803974509239197,-0.001986786723136902,0.0022209137678146362,0.001321256160736084,0.001986473798751831,0.00835409015417099,0.0056685954332351685,0.005779087543487549,-0.0005752518773078918,-0.006525993347167969,-0.0018780827522277832,0.0007492527365684509,-0.00422649085521698,0.0027189403772354126,-0.0013873428106307983,-0.0002815425395965576,0.0011050105094909668,0.011028096079826355
161,0.002159625291824341,0.002166256308555603,0.0022231191396713257,0.0017543584108352661,0.002007529139518738,0.004446573555469513,-0.001788996160030365,0.0024910420179367065,0.006755605340003967,-0.0019453614950180054,0.0027337372303009033,0.00035518407821655273,-1.9274652004241943e-05,0.0006584078073501587,-0.0031290948390960693,0.0009359270334243774,-0.00011819601058959961,-0.00010162591934204102,0.00044539570808410645,0.003431551158428192,0.012501612305641174
162,0.0007530450820922852,0.0009406208992004395,0.001554638147354126,0.003536924719810486,0.00044474750757217407,0.0034952759742736816,1.163780689239502e-05,0.003574587404727936,0.006907157599925995,0.004240944981575012,0.0022321492433547974,0.0006000399589538574,0.0038688331842422485,0.0004331320524215698,0.0007592588663101196,0.004496142268180847,0.0029571950435638428,-0.003268398344516754,0.0036963075399398804,0.0005931481719017029,0.00612197071313858
163,-0.0014500692486763,0.00023186206817626953,0.01747901737689972,0.007803082466125488,0.0029375478625297546,0.005725234746932983,8.709728717803955e-05,0.0028656721115112305,0.006275750696659088,0.0075861066579818726,0.0024888813495635986,0.0002582073211669922,-0.00045844167470932007,0.0015269815921783447,-0.001455165445804596,0.0016002655029296875,0.0021755844354629517,-0.0013926327228546143,0.0037593990564346313,0.001158386468887329,0.01230642944574356
164,0.002118125557899475,0.0024046003818511963,-0.002430960536003113,0.002138093113899231,0.009022504091262817,0.006581135094165802,-0.0005497410893440247,0.0023557692766189575,0.00603397935628891,0.00785781443119049,0.0018811970949172974,-0.00032699108123779297,-0.005554236471652985,0.003199636936187744,-0.00632166862487793,-0.002333313226699829,0.0017284154891967773,-7.517635822296143e-05,-6.57886266708374e-05,0.0022143498063087463,0.009743288159370422
165,0.005019493401050568,0.0020596683025360107,-0.0025908201932907104,-0.0030717551708221436,-0.002562679350376129,0.006571367383003235,0.00042928755283355713,0.0025633201003074646,0.006259851157665253,0.002555280923843384,0.0029594600200653076,0.0008343011140823364,-0.0026011094450950623,0.00041206181049346924,-0.001493990421295166,-0.0009873658418655396,0.004199758172035217,-0.002589099109172821,0.0010867565870285034,0.002237558364868164,0.005360439419746399
166,0.0018171891570091248,-0.00021404027938842773,0.00795835256576538,0.004775404930114746,-0.0018487945199012756,0.0038525760173797607,0.00222044438123703,0.003029078245162964,0.004690900444984436,0.0004702061414718628,0.0014958679676055908,0.0003573298454284668,0.00040606409311294556,0.0015397369861602783,-0.0003180652856826782,0.0028414279222488403,0.004943370819091797,-0.0015955865383148193,0.0007496923208236694,0.004638068377971649,0.009355366230010986
167,0.0015987306833267212,0.0010673850774765015,0.021396934986114502,0.00010736286640167236,-0.0021555647253990173,0.00556519627571106,0.002048507332801819,0.0028013959527015686,0.0009723901748657227,0.0062554627656936646,0.002458542585372925,0.0013565123081207275,-0.0046701580286026,0.003041207790374756,-0.0031354576349258423,0.0036509037017822266,0.0023156404495239258,-0.00042138993740081787,0.0011958777904510498,0.0009151846170425415,0.006385743618011475
168,0.004884302616119385,0.000951617956161499,0.00734180212020874,-0.0011957138776779175,-0.00038545578718185425,0.002979688346385956,-0.00042935460805892944,0.0039835125207901,0.002444945275783539,0.0002826601266860962,0.004162788391113281,0.0025294944643974304,0.006538644433021545,0.0021923482418060303,0.004967600107192993,-0.00188504159450531,0.002433761954307556,-0.0021171346306800842,0.001189500093460083,-0.0027117282152175903,0.011222876608371735
169,0.001077309250831604,-0.0010836869478225708,0.008235722780227661,-0.0058201998472213745,-0.0021506771445274353,0.0006625950336456299,-0.0005309879779815674,0.0033494755625724792,0.0009307116270065308,-0.0028593242168426514,0.004532858729362488,0.0013290941715240479,-0.0031117871403694153,0.0008079558610916138,-0.0008161962032318115,-0.0046743303537368774,0.0038367658853530884,0.0009402260184288025,-0.0025861114263534546,0.004645287990570068,0.012269258499145508
170,0.004902586340904236,-0.0014182478189468384,0.008480921387672424,-0.001534774899482727,-0.0015714988112449646,0.0026864781975746155,0.0041884854435920715,0.001888573169708252,0.0059075430035591125,0.0038668811321258545,9.801983833312988e-05,-0.0007402300834655762,0.011732511222362518,0.00033055245876312256,-0.004694648087024689,0.0028890371322631836,0.0018338263034820557,-0.00036779046058654785,0.0003638267517089844,0.00207490473985672,0.009714961051940918
171,0.0006821081042289734,0.0002909153699874878,0.013889119029045105,0.006571725010871887,-0.003063514828681946,0.0020085126161575317,0.0004403218626976013,0.0021438375115394592,0.007072962820529938,0.0014189332723617554,0.0004470646381378174,-6.192922592163086e-05,-8.419156074523926e-06,0.00010329484939575195,0.003827981650829315,-0.006535962224006653,0.0034711360931396484,-0.0013778731226921082,0.0018969476222991943,0.005242876708507538,0.007312647998332977
172,0.0008529201149940491,0.0008217990398406982,0.016778618097305298,-0.0018659532070159912,-0.0010990723967552185,0.0048142001032829285,-0.0010172650218009949,0.002593621611595154,0.004958637058734894,0.0033654868602752686,0.0012432783842086792,0.0014222636818885803,0.0007092282176017761,0.001956567168235779,0.006431736052036285,0.0009346157312393188,0.0025384649634361267,-0.001180306077003479,-0.0009258091449737549,-0.005376264452934265,0.01605209708213806
173,0.002975761890411377,0.00420185923576355,0.005022808909416199,-0.003548160195350647,-0.004621222615242004,0.0033769607543945312,0.0014916583895683289,0.0028750374913215637,0.005675897002220154,0.0008322298526763916,0.0014667212963104248,0.0013513118028640747,-0.0026426687836647034,0.0008620321750640869,0.00790010392665863,-0.0020113587379455566,0.0020400583744049072,-0.00031316280364990234,0.001919284462928772,-0.0035516247153282166,0.012894302606582642
174,0.0002322271466255188,0.0038068965077400208,0.00845983624458313,0.009196162223815918,0.002005554735660553,0.0005262270569801331,-0.0005348920822143555,0.0034347474575042725,0.003919675946235657,0.0008736252784729004,0.0018393248319625854,0.0006155818700790405,-0.0016732215881347656,0.0024103522300720215,-0.0012859553098678589,-0.0003360360860824585,0.0033951550722122192,-0.001801900565624237,0.0031424909830093384,0.0016614124178886414,0.017803817987442017
175,0.0001470819115638733,0.001210831105709076,0.0012329071760177612,0.012689799070358276,-0.0014675185084342957,0.00410422682762146,0.0010829344391822815,0.002032145857810974,0.0024802759289741516,-0.0009772926568984985,0.001778438687324524,0.0010583773255348206,-0.013145811855793,0.0010901093482971191,-0.0018453896045684814,-0.000901147723197937,0.003215476870536804,-0.00032783299684524536,0.0015564560890197754,-0.004066109657287598,0.014717012643814087
176,0.004588305950164795,0.001282617449760437,0.013784751296043396,-0.0020567625761032104,-0.0007390156388282776,0.0038981810212135315,0.0003868788480758667,0.0038447529077529907,0.009486943483352661,0.00845220685005188,0.0013560950756072998,0.0001500546932220459,-0.008716583251953125,0.00029687583446502686,0.004489108920097351,-0.001383945345878601,0.0032922327518463135,-9.96813178062439e-05,0.00021807849407196045,0.003746718168258667,0.008618667721748352
177,-0.0007082372903823853,0.0004142671823501587,0.011060968041419983,-0.0019056200981140137,-0.004831753671169281,0.002503424882888794,4.436075687408447e-05,0.0029899924993515015,0.006166711449623108,0.004999041557312012,5.289912223815918e-05,0.0011352598667144775,0.0006867498159408569,3.9249658584594727e-05,0.0008667856454849243,0.001608818769454956,0.002571478486061096,-0.003384314477443695,0.003232821822166443,0.005120165646076202,0.010539472103118896
178,0.0034017413854599,0.0019032806158065796,0.007020547986030579,0.0074298083782196045,-0.003353796899318695,0.004286810755729675,0.001214645802974701,0.002939566969871521,0.002132788300514221,0.004451468586921692,0.0029320120811462402,0.0010103583335876465,-0.0022349804639816284,-0.00048679113388061523,-0.0008313730359077454,0.0004510730504989624,0.0012619197368621826,-0.0007847324013710022,-0.0038556158542633057,0.003494732081890106,0.015145473182201385
179,0.004373431205749512,0.0013723373413085938,0.013914525508880615,0.0077970921993255615,-0.008818194270133972,0.00388365238904953,-0.0012425780296325684,0.0017042160034179688,0.00711340457201004,0.00812259316444397,0.000730365514755249,0.0011721402406692505,0.009340867400169373,0.0014678984880447388,-0.000112876296043396,-0.0009728074073791504,0.00172482430934906,-0.001802794635295868,0.003241240978240967,0.0032794177532196045,0.013329491019248962
180,-0.0023586079478263855,0.002597995102405548,0.0052369385957717896,0.0020708441734313965,0.0022304579615592957,0.0038209259510040283,8.948147296905518e-05,0.0036712512373924255,0.006747007369995117,0.002741217613220215,0.000871613621711731,0.00157233327627182,-0.003357701003551483,0.0009349435567855835,0.004374966025352478,0.0007386952638626099,0.002447962760925293,-0.00010880082845687866,-0.0012393146753311157,-0.004645183682441711,0.00801936537027359
181,0.002417057752609253,0.0021266713738441467,-0.008715614676475525,-0.002584889531135559,-0.0014467313885688782,0.006252601742744446,-0.0009613856673240662,0.001653917133808136,0.004236571490764618,0.0007917135953903198,0.00023479759693145752,0.00026144832372665405,-0.007864013314247131,0.0012343376874923706,-0.0032958686351776123,-0.003809422254562378,0.0025538653135299683,4.302710294723511e-05,-0.00032050907611846924,-0.00162438303232193,0.00956803560256958
182,-0.0005506426095962524,0.0015375018119812012,0.011778593063354492,-0.0003270655870437622,0.0008151307702064514,0.004156149923801422,-0.0012316033244132996,0.0028126761317253113,0.0058214664459228516,0.0025237351655960083,0.0028706341981887817,0.0005405470728874207,0.001318804919719696,0.0011467933654785156,-0.004287920892238617,0.0005298107862472534,0.0025428086519241333,-0.0011827349662780762,0.0008092373609542847,0.0040174201130867004,0.011305853724479675
183,0.00599457323551178,-0.001703016459941864,0.0030252188444137573,0.011963114142417908,-0.0005067810416221619,0.0031599104404449463,-0.0023490041494369507,0.003348603844642639,0.003297083079814911,0.003582373261451721,0.0033327341079711914,-0.0006047338247299194,0.004189155995845795,0.0011979937553405762,0.0008983314037322998,-0.003264904022216797,0.0018896609544754028,-0.003212191164493561,-0.0006458908319473267,0.0076151639223098755,0.010733984410762787
184,0.0015701502561569214,0.002110294997692108,0.011803075671195984,-0.006113797426223755,0.008286841213703156,0.0038304775953292847,-0.0014575868844985962,0.0036794766783714294,0.0026178359985351562,0.0043984949588775635,-7.081031799316406e-05,0.0021246597170829773,-0.002685457468032837,0.0012042820453643799,0.0008439496159553528,0.002218589186668396,0.0021112561225891113,-0.00011134892702102661,0.00032806396484375,0.0015195086598396301,0.01199815422296524
185,7.889419794082642e-05,0.0012769624590873718,0.020414233207702637,-0.0033911913633346558,-0.001615270972251892,0.0061209723353385925,0.002667546272277832,0.002654716372489929,0.0018037855625152588,0.002068638801574707,0.003196224570274353,0.00027039647102355957,-0.001603245735168457,0.00043092668056488037,-0.005256839096546173,0.0005642622709274292,0.0034051984548568726,-0.001758284866809845,-0.0008508414030075073,0.0023355484008789062,0.0012153685092926025
186,-0.0006522834300994873,0.001260027289390564,0.0013160556554794312,0.004792764782905579,0.009783439338207245,0.005139552056789398,0.0015121623873710632,0.004175819456577301,0.0026824623346328735,0.008373066782951355,0.003374546766281128,-3.419816493988037e-05,-0.005889415740966797,0.000721275806427002,0.006285801529884338,0.00036875903606414795,0.0019734948873519897,-0.00021202117204666138,0.00028552114963531494,-0.00016470253467559814,0.013058975338935852
187,0.0006966590881347656,0.0010785609483718872,0.006939992308616638,0.006958499550819397,-0.005175091326236725,0.0016985535621643066,0.0013691261410713196,0.00308140367269516,0.00791127234697342,0.00353299081325531,0.0031033605337142944,0.0013186484575271606,0.004307180643081665,0.001389816403388977,-0.0038742944598197937,-0.006798937916755676,0.0036562830209732056,-0.0003702491521835327,-0.0005092918872833252,0.0008847862482070923,0.005859702825546265
188,0.0009950846433639526,0.0017764866352081299,0.015740975737571716,0.001784488558769226,-0.0036110207438468933,0.003995224833488464,-0.0030278638005256653,0.002511344850063324,0.008654214441776276,0.0047311931848526,-0.0008585155010223389,0.0007193237543106079,0.0011445358395576477,-0.00042247772216796875,0.001412026584148407,-0.00231131911277771,0.003170579671859741,-0.001397453248500824,-0.002184659242630005,0.0027571767568588257,0.011135347187519073
189,0.0011955350637435913,-0.0004944205284118652,0.006765484809875488,0.001523926854133606,-0.006166726350784302,0.0019867122173309326,0.0020710304379463196,0.002887248992919922,0.006695881485939026,-0.0009680837392807007,0.0001849532127380371,0.0012501627206802368,0.000792674720287323,-0.001203790307044983,0.007485926151275635,0.0007075667381286621,0.003307908773422241,-0.0014389008283615112,-0.001814141869544983,0.0015538185834884644,0.01157747209072113
190,-0.001337490975856781,0.0007771998643875122,-0.003342241048812866,0.002228274941444397,-0.0002915486693382263,0.004271320998668671,-0.001295246183872223,0.0024760961532592773,0.004353076219558716,0.012247398495674133,-0.0023890435695648193,-0.00039933621883392334,-0.013736002147197723,-0.001593559980392456,0.0014591217041015625,-0.00026325881481170654,0.0035976767539978027,0.00010338425636291504,-0.0002824515104293823,0.0007727816700935364,0.006645768880844116
191,0.0013929307460784912,0.003519214689731598,0.014968648552894592,0.0035842061042785645,-0.00903242826461792,0.0033484846353530884,0.0034256577491760254,0.0033254623413085938,0.0041704848408699036,0.005401149392127991,0.0035652071237564087,0.0009265989065170288,0.005094803869724274,0.0025775879621505737,0.003842979669570923,0.0016842782497406006,0.0014940351247787476,-0.0021033138036727905,-0.001294746994972229,0.0014309734106063843,0.00981973111629486
192,0.0010055899620056152,0.0031844601035118103,0.017494410276412964,0.0001796334981918335,0.0006875842809677124,0.003620058298110962,0.0016673430800437927,0.0018708482384681702,0.0012511089444160461,0.00856083631515503,0.0010211765766143799,0.002586476504802704,0.009111166000366211,0.0014258921146392822,-0.003735475242137909,-0.002576485276222229,0.003632590174674988,-0.0013271421194076538,0.0017152279615402222,-0.0007542595267295837,0.00796276330947876
193,0.007321521639823914,0.0008279532194137573,0.01005522906780243,0.005342736840248108,0.0031371787190437317,0.004632957279682159,0.00038585811853408813,0.0024593770503997803,0.0028267577290534973,0.003569498658180237,0.0008550584316253662,0.00014704465866088867,-0.002692289650440216,0.0006066709756851196,0.004368551075458527,-0.0007703900337219238,0.0016846954822540283,-0.0003776252269744873,0.00021666288375854492,0.0034864768385887146,0.011505663394927979
194,0.0023825764656066895,-0.00039605796337127686,0.00753408670425415,-0.005317375063896179,0.002589702606201172,0.004438512027263641,0.0019370615482330322,0.003254711627960205,0.0030323192477226257,0.002722024917602539,0.00019280612468719482,0.0006583333015441895,8.88630747795105e-05,0.0008306503295898438,-0.0003166869282722473,-0.0037920475006103516,0.002437874674797058,-0.0010169148445129395,0.0005961507558822632,0.005419626832008362,0.009614340960979462
195,0.005855105817317963,0.0002849996089935303,0.004409313201904297,-0.002298310399055481,-0.00835716724395752,0.005678996443748474,8.15168023109436e-05,0.0020399391651153564,0.00419231504201889,0.0005456656217575073,0.0027756839990615845,0.0009143352508544922,-0.009252779185771942,0.001879855990409851,-0.0015271380543708801,-0.0013312548398971558,0.0021057873964309692,-0.0012027621269226074,0.0006421655416488647,-0.002948559820652008,0.005294248461723328
196,0.0017455145716667175,0.0017733573913574219,0.01506030559539795,0.0019508451223373413,-0.002206452190876007,0.004952080547809601,-0.001584567129611969,0.003479979932308197,0.00772026926279068,0.0043745338916778564,0.000603407621383667,0.0015989691019058228,-0.0046867504715919495,0.0009037256240844727,0.005505263805389404,-0.00036397576332092285,0.0013897866010665894,-0.0016819015145301819,-0.0020979493856430054,0.00556907057762146,0.014960430562496185
197,0.0027149543166160583,0.001490868628025055,0.00013817846775054932,0.005495637655258179,-0.0010631382465362549,0.00559910386800766,0.002837337553501129,0.0029334500432014465,0.00554463267326355,0.0026918500661849976,-0.0006541609764099121,-5.8069825172424316e-05,0.0039457231760025024,0.0008995682001113892,0.003488607704639435,-0.0013844072818756104,0.0017361044883728027,-0.0011638477444648743,-3.349781036376953e-05,0.0016409456729888916,0.012029148638248444
198,-0.00018830597400665283,0.0003455132246017456,0.0056867897510528564,0.004127770662307739,0.0007000789046287537,0.0016271844506263733,0.001572832465171814,0.003691956400871277,0.004674501717090607,0.011836156249046326,-0.0011104494333267212,-0.0006033480167388916,0.001093260943889618,0.001713082194328308,-0.0013919025659561157,-0.0037138164043426514,0.002622634172439575,-0.0026794448494911194,0.0014740526676177979,-0.00017417222261428833,0.009886525571346283
199,0.0034463107585906982,0.0005374699831008911,0.005382835865020752,0.008896976709365845,-0.005018070340156555,0.007652319967746735,-0.0004891157150268555,0.002763703465461731,0.007424488663673401,0.0038667917251586914,0.005814462900161743,0.00048372894525527954,-0.0030878111720085144,0.0016587525606155396,-0.009537048637866974,-0.0008344799280166626,0.0033150017261505127,-0.0018206313252449036,0.0027909427881240845,0.007938802242279053,0.007925577461719513
200,-0.002082429826259613,0.001240059733390808,0.016432076692581177,0.007066607475280762,-0.001171790063381195,0.004511259496212006,-0.0014254003763198853,0.0029578357934951782,0.00047907978296279907,0.004585817456245422,0.00235632061958313,0.0004353150725364685,-0.0067565590143203735,0.0014078468084335327,-0.0015753433108329773,0.002989932894706726,0.0016981661319732666,-0.00027699023485183716,8.381903171539307e-05,0.008847840130329132,0.017485179007053375
